water_management_name,quotas_subject
Псел,"""Курская область"""
"""Кострома от истока до в/п д. Исады""","""Ярославская область"""
Сим,"""Республика Башкортостан"""
"""Волга (дельта) от в/п Верхнее Лебяжье до устья""","""Республика Калмыкия"""
"""Кострома от истока до в/п д. Исады""","""Вологодская область"""
"""Тура от истока до впадения р.Тагил""","""Свердловская область"""
"""Российская часть бассейна р. Сейм ниже г. Курск""","""Брянская область"""
"""Буй от истока до Кармановоского г/у""","""Пермский край"""
"""Томь от истока до г. Новокузнецк без р. Кондома""","""Республика Хакасия"""
"""Восточный Маныч от истока до Чограйского г/у""","""Ставропольский край"""
"""Терек от г. Моздок до впадения р Сунжа""","""Чеченская Республика"""
"""Томь от г. Новокузнецк до г. Кемерово""","""Кемеровская область"""
"""Малка от Кура-Марьинского канала до устья без р. Баксан""","""Ставропольский край"""
"""Сакмара от впадения р. Большой Ик до устья""","""Оренбургская область"""
"""Российская часть бассейна р. Урал ниже впадения в него р. Сакмара без р. Илек""","""Оренбургская область"""
"""Воронеж от г. Липецк до Воронежского г/у""","""Липецкая область"""
"""Кубань от г.Усть-Джегута до г.Невинномысск без рр. Б. и М. Зеленчук""","""Ставропольский край"""
"""Терек от впадения р. Урсдон до впадения р. Урух""","""Республика Северная Осетия - Алания"""
"""Терек от впадения р. Урсдон до впадения р. Урух""","""Кабардино-Балкарская Республика"""
"""Терек от границы РФ с Грузией до впадения р. Урсдон без р. Ардон""","""Республика Ингушетия"""
"""Кума от впадения р. Мокрая Буйвола до устья""","""Ставропольский край"""
"""Терек от впадения р. Урух до впадения р. Малка""","""Кабардино-Балкарская Республика"""
"""Кума от Отказненского г/у до г. Зеленокумск""","""Ставропольский край"""
"""Подкумок от истока до г. Кисловодск""","""Ставропольский край"""
"""Реки бассейна Японского моря от восточной границы бассейна р. Раздольная до р. Туманная (граница РФ с КНДР)""","""Приморский край"""
"""Верховья р. Алей до Гилевского г/у""","""Алтайский край"""
"""Подкумок от истока до г. Кисловодск""","""Карачаево-Черкесская Республика"""
Беседь,"""Смоленская область"""
"""Восточный Маныч от Чограйского г/у до устья""","""Ставропольский край"""
"""Обь от слияния рр. Бия и Катунь до г. Барнаул без р. Алей""","""Республика Алтай"""
"""Томь от г. Кемерово до устья""","""Новосибирская область"""
"""Малка от Кура-Марьинского канала до устья без р. Баксан""","""Кабардино-Балкарская Республика"""
"""Вятка от г. Котельнич до в/п пгт. Аркуль""","""Кировская область"""
Водла,"""Республика Карелия"""
"""Мокша от в/п г. Темников до устья без р.Цна""","""Рязанская область"""
"""Олекма от в/п с. Усть-Нюкжа до устья без р.Чара""","""Амурская область"""
"""Подкумок от г. Кисловодск до устья""","""Ставропольский край"""
"""Реки бассейна Белого моря от западной границы бассейна р. Нива до северной границы бассейна р. Кемь без р. Ковда""","""Мурманская область"""
"""Кума от впадения р. Подкумок до Отказненского г/у""","""Ставропольский край"""
"""Терек от границы РФ с Грузией до впадения р. Урсдон без р. Ардон""","""Республика Северная Осетия - Алания"""
"""Миасс от г. Челябинск до устья""","""Челябинская область"""
"""Волга от Верхневолжского бейшлота до г.Зубцов без р.Вазуза от истока до Зубцовского г/у""","""Тверская область"""
"""Нева от истока до в/п Новосаратовка""",Санкт-Петербург
"""Российская часть бассейна р. Десна ниже г. Брянск""","""Брянская область"""
"""Ковда от Иовского г/у до устья""","""Республика Карелия"""
"""Оскол ниже Старооскольского г/у до границы РФ с Украиной""","""Белгородская область"""
"""Западная Двина от впадения р.Межа до границы с Респ. Беларусь без бассейнов рек Дрисса, Полота и Межа""","""Псковская область"""
"""Вятка от истока до г.Киров без р.Чепца""","""Кировская область"""
"""Вятка от г.Киров до г.Котельнич""","""Кировская область"""
"""Лена от в/п п. Покровск до впадения р.Алдан""","""Республика Саха (Якутия)"""
"""Цна от истока до г. Тамбов""","""Тамбовская область"""
"""Уссури от впадения р. Большая Уссурка до устья без рр. Бикин и Хор""","""Приморский край"""
"""Бассейн оз. Телецкое""","""Республика Алтай"""
"""Индигирка от истока до впадения р.Нера""","""Республика Саха (Якутия)"""
"""Томь от г. Кемерово до устья""","""Томская область"""
Чикой,"""Республика Бурятия"""
Остер,"""Смоленская область"""
Иловля,"""Волгоградская область"""
"""Сосьва от истока до в/п д. Морозково""","""Свердловская область"""
"""Ока от г. Орел до г. Белев""","""Орловская область"""
"""Анадырь от впадения р.Майн до устья""","""Чукотский автономный округ"""
"""Афипс, в том числе Шапсугское в-ще""","""Краснодарский край"""
Омолон,"""Чукотский автономный округ"""
Уда,"""Республика Бурятия"""
"""Обь от г. Салехард до устья""","""Ямало-Ненецкий автономный округ"""
"""Ковда от Кумского г/у до Иовского г/у""","""Мурманская область"""
Вага,"""Архангельская область"""
Тюнг,"""Республика Саха (Якутия)"""
Межа,"""Смоленская область"""
Вага,"""Вологодская область"""
"""Иртыш от впадения р.Тобол до г. Ханты-Мансийск (выше) без р. Конда""","""Тюменская область"""
"""Обь от слияния рр. Бия и Катунь до г. Барнаул без р. Алей""","""Алтайский край"""
"""Бассейны рек Охотского моря п-ова Камчатка южнее южной границы бассейна р.Тигиль""","""Камчатский край"""
Бейсуг,"""Краснодарский край"""
Онон,"""Забайкальский край"""
Омь,"""Омская область"""
Сож,"""Смоленская область"""
Беседь,"""Брянская область"""
Юг,"""Республика Коми"""
Белая,"""Краснодарский край"""
Бытантай,"""Республика Саха (Якутия)"""
Киренга,"""Иркутская область"""
Молога,"""Новгородская область"""
Ипуть,"""Брянская область"""
Теча,"""Курганская область"""
"""Еруслан от истока до устья""","""Волгоградская область"""
"""Нижняя Тунгуска от истока до в/п п.Кислокан""","""Красноярский край"""
"""Обь от впадения р. Чулым до впадения р. Кеть""","""Томская область"""
Чепца,"""Удмуртская Республика"""
"""Бассейн оз. Тополиное и р. Бурла""","""Алтайский край"""
Терса,"""Волгоградская область"""
"""Еруслан от истока до устья""","""Саратовская область"""
"""Дрисса и Полота""","""Псковская область"""
Сусуя,"""Сахалинская область"""
Амгунь,"""Хабаровский край"""
"""Нева от истока до в/п Новосаратовка""","""Ленинградская область"""
"""Уча от истока до Акуловского г/у""","""Московская область"""
Битюг,"""Липецкая область"""
"""Сулак от истока до Чиркейского г/у""","""Республика Дагестан"""
"""Волга от г.Зубцов до г. Тверь без р.Тверца""","""Тверская область"""
"""Ока от г. Серпухов до г. Кашира""","""Московская область"""
Болва,"""Калужская область"""
Молога,"""Вологодская область"""
"""Чуна (Уда)""","""Иркутская область"""
"""Сунжа от истока до г. Грозный""","""Чеченская Республика"""
Хета,"""Красноярский край"""
Омолон,"""Магаданская область"""
Савала,"""Тамбовская область"""
"""Дон от г. Лиски до г. Павловск без р.Битюг""","""Воронежская область"""
"""Тобол от впадения р.Исеть до устья без рр. Исеть, Тура, Тавда""","""Тюменская область"""
"""Ока от г. Белев до г. Калуга без рр.Упа и Угра""","""Тульская область"""
"""Витим от в/п с. Спицино до г. Бодайбо""","""Республика Бурятия"""
"""Малый Зеленчук""","""Карачаево-Черкесская Республика"""
"""Бассейн оз. Кучукского""","""Алтайский край"""
"""Лаба от истока до впадения р.Чамлык""","""Республика Адыгея"""
"""Вятка от истока до г.Киров без р.Чепца""","""Республика Коми"""
"""Большой Зеленчук""","""Ставропольский край"""
"""Волга от г.Кострома до Горьковского г/у (Горьковское в-ще) без р.Унжа""","""Нижегородская область"""
Чепца,"""Кировская область"""
"""Москва от г. Звенигород до Рублевского г/у без р.Истра (от истока до Истринского г/у)""",Москва
"""Москва от в/п Заозерье до г. Коломна""","""Московская область"""
"""Истра от истока до Истринского г/у""","""Московская область"""
Преголя,"""Калининградская область"""
"""Кума от впадения р. Мокрая Буйвола до устья""","""Республика Калмыкия"""
Чир,"""Ростовская область"""
"""Ока от г. Кашира до г. Коломна без р.Москва""","""Тульская область"""
Амга,"""Республика Саха (Якутия)"""
Хилок,"""Республика Бурятия"""
"""Большой Ик""","""Оренбургская область"""
"""Терешка от истока до устья""","""Ульяновская область"""
"""Малка от истока до Кура-Марьинского канала""","""Кабардино-Балкарская Республика"""
Ик,"""Республика Башкортостан"""
Тасеева,"""Красноярский край"""
Бикин,"""Хабаровский край"""
Хилок,"""Забайкальский край"""
Матыра,"""Тамбовская область"""
"""Курильские острова""","""Сахалинская область"""
"""Чулым от г. Ачинск до в/п с.Зырянское""","""Томская область"""
"""Печора от истока до в/п п.Шердино""","""Республика Коми"""
"""Ангара от Усть-Илимского г/у до Богучанского г/у""","""Красноярский край"""
"""Великая от истока до в/п д. Гуйтово""","""Псковская область"""
"""Дельта р. Терек""","""Чеченская Республика"""
"""Чулым от истока до г. Ачинск""","""Республика Хакасия"""
Учур,"""Республика Саха (Якутия)"""
Вах,"""Ханты-Мансийский автономный округ - Югра"""
"""Сура от устья р.Алатырь до устья""","""Нижегородская область"""
"""Исеть от истока до г. Екатеринбург""","""Свердловская область"""
"""Реки бассейна Белого моря от западной границы бассейна р. Иоканга (мыс Святой Нос) до восточной границы бассейна р. Нива без р. Поной""","""Мурманская область"""
"""Ковда от истока до Кумского г/у, вкл. оз. Пя-озеро, Топ-озеро""","""Республика Карелия"""
"""Реки бассейна Белого моря от западной границы бассейна р. Нива до северной границы бассейна р. Кемь без р. Ковда""","""Республика Карелия"""
"""Реки и озера бассейна Финского залива от границы РФ с Финляндией до северной границы бассейна р. Нева""",Санкт-Петербург
"""Бассейн оз. Ладожское без рр. Волхов, Свирь и Сясь""","""Ленинградская область"""
"""Реки и озера бассейна Финского залива от границы РФ с Финляндией до северной границы бассейна р. Нева""","""Ленинградская область"""
"""Реки бассейна Белого моря от мыса Воронов до мыса Канин Нос (без р. Мезень)""","""Архангельская область"""
"""Мезень от истока до в/п д. Малонисогорская""","""Республика Коми"""
"""Ловать и Пола""","""Новгородская область"""
"""Мста без р. Шлина от истока до Вышневолоцкого г/у""","""Тверская область"""
"""Мста без р. Шлина от истока до Вышневолоцкого г/у""","""Новгородская область"""
"""Шлина от истока до Вышневолоцкого г/у""","""Тверская область"""
"""Свирь от Нижнесвирского г/у до устья""","""Ленинградская область"""
"""Бассейн Онежского озера без рр. Шуя, Суна, Водла и Вытегра""","""Республика Карелия"""
"""Реки бассейна Финского залива от северной границы бассейна р. Луга до южной границы бассейна р. Нева""",Санкт-Петербург
"""Колыма от Колымской ГЭС до впадения р.Сеймчан""","""Магаданская область"""
"""Реки бассейна Финского залива от северной границы бассейна р. Луга до южной границы бассейна р. Нева""","""Ленинградская область"""
"""Луга от в/п Толмачево до устья""","""Ленинградская область"""
Бирюса,"""Иркутская область"""
"""Тагил от истока до г. Нижний Тагил без р. Черная""","""Свердловская область"""
"""Западная Двина от впадения р.Межа до границы с Респ. Беларусь без бассейнов рек Дрисса, Полота и Межа""","""Смоленская область"""
"""Реки бассейна Балтийского моря в Калининградской обл. без рр. Неман и Преголя""","""Калининградская область"""
"""Ока от г. Калуга до г. Серпухов без рр.Протва и Нара""","""Калужская область"""
"""Ока от г. Белев до г. Калуга без рр.Упа и Угра""","""Калужская область"""
"""Ока от г. Орел до г. Белев""","""Тульская область"""
"""Сура от Сурского г/у до устья р.Алатырь""","""Чувашская Республика"""
"""Алей от Гилевского г/у до устья""","""Алтайский край"""
"""Сура от Сурского г/у до устья р.Алатырь""","""Республика Мордовия"""
"""Волга от Чебоксарского г/у до г. Казань без рр.Свияга и Цивиль""","""Чувашская Республика"""
"""Свияга от с. Альшеево до устья""","""Чувашская Республика"""
"""Свияга от с. Альшеево до устья""","""Республика Татарстан"""
"""Свияга от истока до с.Альшеево""","""Ульяновская область"""
"""Волга от устья р.Ока до Чебоксарского г/у (Чебоксарское в-ще) без рр.Сура и Ветлуга""","""Чувашская Республика"""
"""Волга от устья р.Ока до Чебоксарского г/у (Чебоксарское в-ще) без рр.Сура и Ветлуга""","""Республика Марий Эл"""
"""Волга от устья р.Ока до Чебоксарского г/у (Чебоксарское в-ще) без рр.Сура и Ветлуга""","""Нижегородская область"""
"""Ветлуга от г.Ветлуга до устья""","""Нижегородская область"""
"""Ветлуга от истока до г.Ветлуга""","""Нижегородская область"""
"""Ветлуга от истока до г.Ветлуга""","""Костромская область"""
"""Ветлуга от истока до г.Ветлуга""","""Кировская область"""
"""Волга от Горьковского г/у до устья р.Ока""","""Нижегородская область"""
"""Рыбинское в-ще до Рыбинского г/у и впадающие в него реки без рр.Молога, Суда и Шексна от истока до Шекснинского г/у""","""Ярославская область"""
"""Рыбинское в-ще до Рыбинского г/у и впадающие в него реки без рр.Молога, Суда и Шексна от истока до Шекснинского г/у""","""Тверская область"""
"""Рыбинское в-ще до Рыбинского г/у и впадающие в него реки без рр.Молога, Суда и Шексна от истока до Шекснинского г/у""","""Вологодская область"""
"""Волга от Угличского г/у до начала Рыбинского в-ща""","""Ярославская область"""
"""Волга от Угличского г/у до начала Рыбинского в-ща""","""Тверская область"""
"""Волга от Иваньковского г/у до Угличского г/у (Угличское в-ще)""","""Ярославская область"""
"""Волга от Иваньковского г/у до Угличского г/у (Угличское в-ще)""","""Тверская область"""
"""Волга от Иваньковского г/у до Угличского г/у (Угличское в-ще)""","""Московская область"""
"""Волга от г.Тверь до Иваньковского г/у (Иваньковское в-ще)""","""Тверская область"""
"""Волга от г.Тверь до Иваньковского г/у (Иваньковское в-ще)""","""Московская область"""
"""Тверца от истока (Вышневолоцкий г/у) до г. Тверь""","""Тверская область"""
"""Вазуза от истока до Зубцовского г/у без р.Яуза до Кармановского г/у""","""Тверская область"""
"""Вазуза от истока до Зубцовского г/у без р.Яуза до Кармановского г/у""","""Смоленская область"""
"""Бессточные территории междуречья Терека, Дона и Волги""","""Волгоградская область"""
"""Терек от впадения р Сунжа до Каргалинского г/у""","""Чеченская Республика"""
"""Терек от впадения р Сунжа до Каргалинского г/у""","""Республика Дагестан"""
"""Водные объекты междуречья Терека и Сунжи (Алханчуртский канал)""","""Республика Ингушетия"""
"""Сунжа от г. Грозный до впадения р. Аргун""","""Чеченская Республика"""
"""Сунжа от истока до г. Грозный""","""Республика Ингушетия"""
"""Реки бассейна Черного моря от западной границы бассейна р.Пшада до восточной границы р. Дедеркай""","""Краснодарский край"""
"""Реки бассейна Черного моря от мыса Панагия до восточной границы р. Джанхот""","""Краснодарский край"""
"""Маныч от истока до Пролетарского г/у без рр. Калаус и Егорлык""","""Ставропольский край"""
"""Кубань от Тиховского г/у до устья и другие реки бассейна Азовского моря в дельте р. Кубань""","""Краснодарский край"""
"""Варнавинский Сбросной канал""","""Краснодарский край"""
"""Водные объекты бассейна Варнавинского в-ща""","""Краснодарский край"""
"""Протока от истока (Тиховский г/у) до устья""","""Краснодарский край"""
"""Кубань от впадения р. Афипс до Тиховского г/у""","""Краснодарский край"""
"""Кубань от Краснодарского г/у до впадения р. Афипс""","""Республика Адыгея"""
"""Кубань от г.Усть-Лабинск до Краснодарского г/у без рр. Белая и Пшиш""","""Республика Адыгея"""
"""Кубань от г.Армавир до г.Усть-Лабинск без р. Лаба""","""Краснодарский край"""
"""Лаба от истока до впадения р.Чамлык""","""Краснодарский край"""
"""Лаба от истока до впадения р.Чамлык""","""Карачаево-Черкесская Республика"""
"""Кубань от г.Невинномысск до г.Армавир без р.Уруп""","""Ставропольский край"""
"""Кубань от г.Невинномысск до г.Армавир без р.Уруп""","""Краснодарский край"""
"""Кубань от г.Усть-Джегута до г.Невинномысск без рр. Б. и М. Зеленчук""","""Карачаево-Черкесская Республика"""
"""Большой Зеленчук""","""Карачаево-Черкесская Республика"""
"""Кубань от истока до г.Усть-Джегута""","""Ставропольский край"""
"""Кубань от истока до г.Усть-Джегута""","""Карачаево-Черкесская Республика"""
Бия,"""Республика Алтай"""
"""Реки бассейна Таганрогского залива от южной границы бассейна р.Дон до северной границы бассейна р. Ея""","""Ростовская область"""
"""Дон от впадения р.Северский Донец до устья без рр. Сал и Маныч""","""Ростовская область"""
"""Урал от Магнитогорского г/у до Ириклинского г/у""","""Республика Башкортостан"""
"""Егорлык от Новотроицкого г/у до устья""","""Ростовская область"""
"""Егорлык от Новотроицкого г/у до устья""","""Республика Калмыкия"""
"""Егорлык от Сенгилеевского г/у до Егорлыкского г/у""","""Ставропольский край"""
"""Урал от истока до Верхнеуральского г/у""","""Республика Башкортостан"""
"""Егорлык от истока до Сенгилеевского г/у""","""Ставропольский край"""
Калаус,"""Ставропольский край"""
"""Тихая Сосна""","""Белгородская область"""
"""Волга (дельта) от в/п Верхнее Лебяжье до устья""","""Астраханская область"""
"""Оскол ниже Старооскольского г/у до границы РФ с Украиной""","""Курская область"""
"""Дон от впадения р.Хопер до г. Калач-на-Дону без рр. Хопер, Медведица и Иловля""","""Волгоградская область"""
Терса,"""Саратовская область"""
"""Хопер от истока до впадения р. Ворона""","""Пензенская область"""
"""Хопер от впадения р. Ворона до устья без рр. Ворона, Савала и Бузулук""","""Воронежская область"""
"""Дон от Цимлянского г/у до впадения р.Северский Донец""","""Ростовская область"""
"""Дон от г. Калач-на-Дону до Цимлянского г/у (Цимлянское в-ще) без р. Чир""","""Ростовская область"""
"""Дон от г. Калач-на-Дону до Цимлянского г/у (Цимлянское в-ще) без р. Чир""","""Республика Калмыкия"""
Чир,"""Волгоградская область"""
Суна,"""Республика Карелия"""
"""Северский Донец от истока до границы РФ с Украиной без бассейнов рек Оскол и Айдар""","""Белгородская область"""
"""Хопер от впадения р. Ворона до устья без рр. Ворона, Савала и Бузулук""","""Волгоградская область"""
Ворона,"""Пензенская область"""
"""Хопер от истока до впадения р. Ворона""","""Воронежская область"""
"""Медведица от впадения р.Терса до устья""","""Волгоградская область"""
"""Дон от г. Павловск до устья р.Хопер без р. Подгорная""","""Ростовская область"""
"""Дон от г. Павловск до устья р.Хопер без р. Подгорная""","""Воронежская область"""
Битюг,"""Тамбовская область"""
"""Дон от г. Задонск до г. Лиски без рр. Воронеж (от истока до Воронежского г/у) и Тихая Сосна""","""Липецкая область"""
"""Дон от г. Задонск до г. Лиски без рр. Воронеж (от истока до Воронежского г/у) и Тихая Сосна""","""Воронежская область"""
"""Воронеж от г. Липецк до Воронежского г/у""","""Воронежская область"""
"""Воронеж от истока до г.Липецк без р.Матыра""","""Липецкая область"""
"""Обь от впадения р. Васюган до впадения р. Вах""","""Томская область"""
"""Дон от истока до г. Задонск без рр. Красивая Меча и Сосна""","""Тульская область"""
"""Дон от истока до г. Задонск без рр. Красивая Меча и Сосна""","""Рязанская область"""
"""Дон от истока до г. Задонск без рр. Красивая Меча и Сосна""","""Липецкая область"""
"""Российская часть бассейна р. Сейм ниже г. Курск""","""Курская область"""
"""Волга от Волгоградского г/у до в/п Светлый Яр""","""Волгоградская область"""
"""Волга от в/п Светлый Яр до в/п Верхнее Лебяжье""","""Астраханская область"""
"""Северский Донец от впадения р.Калитва до устья""","""Ростовская область"""
"""Урал от истока до Верхнеуральского г/у""","""Челябинская область"""
"""Егорлык от Егорлыкского г/у до Новотроицкого г/у""","""Ставропольский край"""
"""Реки бассейна Черного моря от западной границы бассейна р.Шепси до р. Псоу (граница РФ с Грузией)""","""Краснодарский край"""
"""Восточный Маныч от истока до Чограйского г/у""","""Республика Калмыкия"""
"""Кума от истока до впадения р. Подкумок""","""Карачаево-Черкесская Республика"""
"""Кума от истока до впадения р. Подкумок""","""Ставропольский край"""
"""Чулым от г. Ачинск до в/п с.Зырянское""","""Кемеровская область"""
"""Кума от впадения р. Подкумок до Отказненского г/у""","""Кабардино-Балкарская Республика"""
"""Сейм от истока до г. Курск""","""Курская область"""
"""Сейм от истока до г. Курск""","""Белгородская область"""
"""Чулым от г. Ачинск до в/п с.Зырянское""","""Красноярский край"""
"""Олекма от в/п с. Усть-Нюкжа до устья без р.Чара""","""Республика Саха (Якутия)"""
"""Чулым от в/п с.Зырянское до устья""","""Томская область"""
"""Российская часть бассейна р. Десна ниже г. Брянск""","""Орловская область"""
"""Обь от г. Нефтеюганск до впадения р. Иртыш""","""Ханты-Мансийский автономный округ - Югра"""
"""Витим от г. Бодайбо до устья без р.Мамакан (от истока до Мамаканской ГЭС)""","""Иркутская область"""
"""Уфа от Долгобродского г/у до Нязепетровского г/у""","""Челябинская область"""
"""Белая от в/п Арский Камень до Юмагузинского г/у""","""Республика Башкортостан"""
"""Оленек от истока до в/п ГМС Сухана""","""Республика Саха (Якутия)"""
"""Реки бассейна моря Лаптевых от мыса Прончищева до границы между Таймырским (Долгано-Ненецким) а.о. и Респ. Саха (Якутия) без р. Хатанга""","""Красноярский край"""
"""Сулак от Чиркейского г/у до устья""","""Чеченская Республика"""
"""Вятка от г. Котельнич до в/п пгт. Аркуль""","""Республика Марий Эл"""
"""Ишим от границы РФ с Респ. Казахстан до устья без оз. Большой Уват до г/у Большой Уват""","""Курганская область"""
"""Тобол от истока до впадения р.Уй без р.Увелька""","""Курганская область"""
"""Червленая от истока до Береславского г/у""","""Волгоградская область"""
"""Тобол от истока до впадения р.Уй без р.Увелька""","""Республика Башкортостан"""
"""Тобол от истока до впадения р.Уй без р.Увелька""","""Челябинская область"""
"""Волга от Иваньковского г/у до Угличского г/у (Угличское в-ще)""","""Владимирская область"""
Молога,"""Тверская область"""
"""Миасс от г. Челябинск до устья""","""Курганская область"""
"""Реки западного участка бассейна Обской губы""","""Ямало-Ненецкий автономный округ"""
"""Реж (без р.Аять от истока до Аятского г/у) и Нейва (от Невьянского г/у) до их слияния""","""Свердловская область"""
"""Волга от г.Кострома до Горьковского г/у (Горьковское в-ще) без р.Унжа""","""Ивановская область"""
"""Пышма от истока до Белоярского г/у""","""Свердловская область"""
"""Пышма от Белоярского г/у до устья без р. Рефт от истока до Рефтинского г/у""","""Тюменская область"""
"""Бассейны рек южной части оз.Байкал в междуречье рек Селенга и Ангара""","""Республика Бурятия"""
"""Тавда от истока до устья без р. Сосьва от истока до в/п д. Морозково""","""Свердловская область"""
"""оз. Кубенское и р.Сухона от истока до Кубенского г/у""","""Вологодская область"""
"""Упа от истока до устья""","""Тульская область"""
"""Иркутское в-ще (включая оз. Байкал и р. Ангара от истока до Иркутского г/у)""","""Республика Бурятия"""
"""Десна от г/у Смоленской АЭС до г. Брянск без р.Болва""","""Калужская область"""
"""Кемь от Юшкозерского г/у до Кривопорожского г/у""","""Республика Карелия"""
"""Реки бассейна Карского моря от восточной границы бассейна р. Надым до северо-западной границы бассейна р. Пур""","""Ямало-Ненецкий автономный округ"""
"""Десна от г/у Смоленской АЭС до г. Брянск без р.Болва""","""Брянская область"""
"""Кемь от Кривопорожского г/у до устья""","""Республика Карелия"""
"""Ока от г. Калуга до г. Серпухов без рр.Протва и Нара""","""Московская область"""
"""Обь от впадения р. Северная Сосьва до г. Салехард""","""Ямало-Ненецкий автономный округ"""
"""Острова Белого моря в пределах внутренних морских вод и территориального моря РФ, прилегающего к береговой линии гидрографической единицы 03.01.00 (вкл. Соловецкие о-ва)""","""Архангельская область"""
"""Свирь от истока до Нижнесвирского г/у""","""Ленинградская область"""
"""Свирь от истока до Нижнесвирского г/у""","""Республика Карелия"""
"""Бассейн оз. Ильмень без рр. Мста, Ловать, Пола и Шелонь""","""Новгородская область"""
"""Десна от истока до г/у Смоленской АЭС""","""Смоленская область"""
"""Российская часть бассейна р. Днепр ниже г. Смоленск""","""Смоленская область"""
"""Печора от в/п Усть-Цильма до устья""","""Ненецкий автономный округ"""
"""Печора от в/п п.Шердино до впадения р. Уса""","""Республика Коми"""
"""Мезень от в/п д. Малонисогорская до устья""","""Архангельская область"""
"""Острова Белого моря в пределах внутренних морских вод и территориального моря РФ, прилегающего к береговой линии гидрографической единицы 03.02.03""","""Архангельская область"""
"""Реки бассейна Белого моря от северо-восточной границы р. Золотица до мыса Воронов без р. Северная Двина""","""Архангельская область"""
"""Северная Двина от впадения р. Вага до устья без р. Пинега""","""Архангельская область"""
"""Северная Двина от впадения р. Вычегда до впадения р. Вага""","""Архангельская область"""
"""Тура от впадения р.Тагил до устья без рр. Тагил, Ница и Пышма""","""Свердловская область"""
"""Иртыш от впадения р.Тобол до г. Ханты-Мансийск (выше) без р. Конда""","""Ханты-Мансийский автономный округ - Югра"""
"""оз. Кубенское и р.Сухона от истока до Кубенского г/у""","""Архангельская область"""
"""Реки бассейна Онежской губы от западной границы бассейна р. Унежма до северо-восточной границы бассейна р. Золотица без р. Онега""","""Архангельская область"""
"""Волга от Чебоксарского г/у до г. Казань без рр.Свияга и Цивиль""","""Республика Татарстан"""
"""Северная Сосьва""","""Ханты-Мансийский автономный округ - Югра"""
"""Ангара от Иркутского г/у до впадения р. Белая без рр.Иркут, Китой""","""Иркутская область"""
"""Индигирка от впадения Момы до в/п Белая Гора""","""Республика Саха (Якутия)"""
"""Реки бассейна Карского моря от западной границы бассейна р. Бол. Ою до мыса Скуратова""","""Ямало-Ненецкий автономный округ"""
"""Реки бассейна Карского моря от западной границы бассейна р. Бол. Ою до мыса Скуратова""","""Ненецкий автономный округ"""
"""Ангара от Усть-Илимского г/у до Богучанского г/у""","""Иркутская область"""
"""Бассейны рек южной части оз.Байкал в междуречье рек Селенга и Ангара""","""Иркутская область"""
"""Тура от впадения р.Тагил до устья без рр. Тагил, Ница и Пышма""","""Тюменская область"""
"""Пышма от Белоярского г/у до устья без р. Рефт от истока до Рефтинского г/у""","""Свердловская область"""
"""Ница от слияния рек Реж и Нейва до устья""","""Свердловская область"""
"""Тагил от г. Нижний Тагил до устья""","""Свердловская область"""
"""Черная от истока до Черноисточинского г/у""","""Свердловская область"""
"""Енисей от истока до Саяно-Шушенского г/у""","""Республика Хакасия"""
"""Исеть от впадения р.Теча до устья без р. Миасс""","""Тюменская область"""
"""Исеть от г. Екатеринбург до впадения р.Теча""","""Курганская область"""
"""Тобол от г. Курган до впадения р.Исеть""","""Тюменская область"""
"""Тобол от г. Курган до впадения р.Исеть""","""Курганская область"""
"""Енисей от впадения р. Нижняя Тунгуска до в/п г. Игарка без р.Курейка от истока до Курейского г/у""","""Красноярский край"""
"""Иртыш от впадения р.Ишим до впадения р.Тобол""","""Тюменская область"""
"""Иртыш от впадения р.Ишим до впадения р.Тобол""","""Курганская область"""
"""Ишим от границы РФ с Респ. Казахстан до устья без оз. Большой Уват до г/у Большой Уват""","""Тюменская область"""
"""Реки бассейна моря Лаптевых (включая р. Анабар) от восточной границы бассейна р. Тикян-Юрях на западе до границы бассейна р. Оленек на востоке""","""Республика Саха (Якутия)"""
"""Иртыш от впадения р. Омь до впадения р. Ишим без р. Оша""","""Новосибирская область"""
"""Иртыш от границы с Респ. Казахстан до впадения р. Омь""","""Омская область"""
"""Водные объекты между бассейнами оз. Чаны и р. Омь""","""Новосибирская область"""
"""Кама от истока до в/п с. Бондюг""","""Удмуртская Республика"""
"""Обь от впадения р. Вах до г. Нефтеюганск""","""Ханты-Мансийский автономный округ - Югра"""
"""Обь от впадения р. Кеть до впадения р. Васюган""","""Томская область"""
"""Чулым от в/п с.Зырянское до устья""","""Кемеровская область"""
"""Чулым от истока до г. Ачинск""","""Кемеровская область"""
"""Томь от истока до г. Новокузнецк без р. Кондома""","""Кемеровская область"""
"""Обь от Новосибирского г/у до впадения р. Чулым без: рр. Иня и Томь""","""Новосибирская область"""
"""Обь от г. Барнаул до Новосибирского г/у без р. Чумыш""","""Новосибирская область"""
"""Медведица от истока до впадения р.Терса""","""Волгоградская область"""
"""Обь от г. Барнаул до Новосибирского г/у без р. Чумыш""","""Алтайский край"""
"""Яна от впадения р.Адыча до устья без р.Бытантай""","""Республика Саха (Якутия)"""
"""Индигирка от впадения Неры до впадения Момы""","""Магаданская область"""
"""Сакмара от истока до впадения р. Большой Ик""","""Оренбургская область"""
"""Урал от Ириклинского г/у до г. Орск""","""Оренбургская область"""
"""Урал от Магнитогорского г/у до Ириклинского г/у""","""Челябинская область"""
"""Урал от Верхнеуральского г/у до Магнитогорского г/у""","""Республика Башкортостан"""
"""Волга от в/п Светлый Яр до в/п Верхнее Лебяжье""","""Республика Калмыкия"""
"""Волга от Саратовского г/у до Волгоградского г/у (Волгоградское в-ще) без рр. Бол.Иргиз, Бол.Караман, Терешка, Еруслан, Торгун""","""Волгоградская область"""
"""Вятка от в/п пгт. Аркуль до г. Вятские Поляны""","""Удмуртская Республика"""
"""Хопер от истока до впадения р. Ворона""","""Саратовская область"""
"""Самара от истока до Сорочинского г/у""","""Оренбургская область"""
"""Медведица от истока до впадения р.Терса""","""Саратовская область"""
"""Терешка от истока до устья""","""Саратовская область"""
"""Карповка от истока до Карповского г/у""","""Волгоградская область"""
"""Уфа от Павловского г/у до в/п пгт. Шакша""","""Республика Башкортостан"""
"""Дон от г. Калач-на-Дону до Цимлянского г/у (Цимлянское в-ще) без р. Чир""","""Волгоградская область"""
"""Оскол до Старооскольского г/у""","""Курская область"""
"""Оскол до Старооскольского г/у""","""Белгородская область"""
"""Зея от Зейского г/у до впадения р. Селемджа""","""Амурская область"""
"""Бол.Караман от истока до устья""","""Саратовская область"""
"""Бол.Иргиз от истока до Сулакского г/у""","""Самарская область"""
"""Волга от Куйбышевского г/у до Саратовского г/у (Саратовское в-ще) без рр. Сок, Чапаевка, Мал.Иргиз, Самара и Сызранка""","""Саратовская область"""
"""Волга от Куйбышевского г/у до Саратовского г/у (Саратовское в-ще) без рр. Сок, Чапаевка, Мал.Иргиз, Самара и Сызранка""","""Самарская область"""
"""Сызранка от истока до г.Сызрань (выше города)""","""Ульяновская область"""
"""Самара от в/п с. Елшанка до г.Самара (выше города) без р. Бол.Кинель""","""Самарская область"""
"""Самара от в/п с. Елшанка до г.Самара (выше города) без р. Бол.Кинель""","""Оренбургская область"""
"""Самара от Сорочинского г/у до в/п с. Елшанка""","""Оренбургская область"""
"""Бол.Кинель от истока до устья без р. Кутулук от истока до Кутулукского г/у""","""Самарская область"""
"""Бол.Кинель от истока до устья без р. Кутулук от истока до Кутулукского г/у""","""Оренбургская область"""
"""Кутулук от истока до Кутулукского г/у""","""Самарская область"""
"""Куйбышевское в-ще от пгт. Камское устье до Куйбышевского г/у без р. Бол.Черемшан""","""Ульяновская область"""
"""Реки бассейна Охотского моря от границы бассейна р. Уда до мыса Лазарева без р. Амур""","""Хабаровский край"""
"""Камский участок Куйбышевского в-ща от устья р. Кама до пгт. Камское устье без р.Шешма и Волга""","""Республика Татарстан"""
"""Реки бассейна Японского моря от восточной границы бассейна р. Партизанская до восточной границы бассейна р. Раздольная""","""Приморский край"""
"""Шешма от истока до устья""","""Республика Татарстан"""
"""Вятка от г. Вятские Поляны до устья""","""Удмуртская Республика"""
Сим,"""Челябинская область"""
"""Вятка от г. Вятские Поляны до устья""","""Республика Татарстан"""
"""Вятка от в/п пгт. Аркуль до г. Вятские Поляны""","""Республика Марий Эл"""
"""Вятка от в/п пгт. Аркуль до г. Вятские Поляны""","""Кировская область"""
"""Ока от г. Серпухов до г. Кашира""",Москва
"""Кума от г. Зеленокумск до впадения р. Мокрая Буйвола""","""Ставропольский край"""
"""Белая от г. Бирск до устья""","""Республика Башкортостан"""
Адыча,"""Республика Саха (Якутия)"""
"""Белая от г. Бирск до устья""","""Пермский край"""
"""Белая от г. Уфа до г. Бирск""","""Республика Башкортостан"""
"""Белая от в/п с. Охлебино до г. Уфа без рр.Уфа (от истока до пгт. Шакша) и Дема (от истока до в/п д. Бочкарева)""","""Республика Башкортостан"""
"""Уфа от Нязепетровского г/у до Павловского г/у без р.Ай""","""Челябинская область"""
"""Уфа от Нязепетровского г/у до Павловского г/у без р.Ай""","""Свердловская область"""
"""Уфа от Нязепетровского г/у до Павловского г/у без р.Ай""","""Пермский край"""
"""Цна от г.Тамбов до устья""","""Тамбовская область"""
"""Терек от впадения р. Малка до г. Моздок""","""Республика Северная Осетия - Алания"""
"""Уфа от истока до Долгобродского г/у""","""Челябинская область"""
"""Белая от г. Стерлитамак до в/п с. Охлебино без р.Сим""","""Республика Башкортостан"""
Чумыш,"""Алтайский край"""
"""Белая от Юмагузинского г/у до г. Салават без р.Нугуш (от истока до Нугушского г/у)""","""Республика Башкортостан"""
"""Нугуш от истока до Нугушского г/у""","""Республика Башкортостан"""
"""Белая от истока до в/п Арский Камень""","""Республика Башкортостан"""
"""Кама от Нижнекамского г/у до устья без р.Вятка""","""Удмуртская Республика"""
Котуй,"""Красноярский край"""
"""Кама от Нижнекамского г/у до устья без р.Вятка""","""Республика Татарстан"""
"""Обь от Новосибирского г/у до впадения р. Чулым без: рр. Иня и Томь""","""Томская область"""
"""Кама от Воткинского г/у до Нижнекамского г/у без рр.Буй (от истока до Кармановского г/у), Иж, Ик и Белая""","""Республика Татарстан"""
"""Клязьма от г. Орехово-Зуево до г. Владимир""","""Владимирская область"""
"""Кама от Воткинского г/у до Нижнекамского г/у без рр.Буй (от истока до Кармановского г/у), Иж, Ик и Белая""","""Республика Башкортостан"""
"""Кама от Камского г/у до Воткинского г/у""","""Удмуртская Республика"""
"""Кама от г. Березники до Камского г/у без р.Косьва (от истока до Широковского г/у), Чусовая и Сылва""","""Пермский край"""
"""Чусовая от в/п пгт. Кын до устья""","""Пермский край"""
"""Чусовая от г.Ревда до в/п пгт. Кын""","""Свердловская область"""
"""Чусовая от истока до г. Ревда без р.Ревда (от истока до Новомариинского г/у)""","""Свердловская область"""
"""Косьва от истока до Широковского г/у""","""Пермский край"""
"""Мая от истока до в/п с. Аим""","""Хабаровский край"""
"""Кама от истока до в/п с. Бондюг""","""Пермский край"""
"""Кама от истока до в/п с. Бондюг""","""Кировская область"""
"""Ока от г. Горбатов до в/п Новинки (устье)""","""Нижегородская область"""
"""Ока от г. Муром до г. Горбатов без рр.Клязьма и Теша""","""Нижегородская область"""
"""Ока от г. Муром до г. Горбатов без рр.Клязьма и Теша""","""Владимирская область"""
"""Клязьма от г. Ковров до устья без р.Уводь""","""Нижегородская область"""
"""Клязьма от г. Ковров до устья без р.Уводь""","""Ивановская область"""
"""Клязьма от г. Ковров до устья без р.Уводь""","""Владимирская область"""
"""Уводь от истока до устья""","""Ивановская область"""
"""Уводь от истока до устья""","""Владимирская область"""
"""Клязьма от г. Владимир до г. Ковров без р.Нерль""","""Владимирская область"""
"""Нерль от истока до устья""","""Ивановская область"""
"""Клязьма от г. Ногинск до г. Орехово-Зуево""","""Московская область"""
"""Клязьма от г. Ногинск до г. Орехово-Зуево""","""Владимирская область"""
"""Клязьма от Пироговского г/у до г. Ногинск без р.Уча (от истока до Акуловского г/у)""","""Московская область"""
"""Ока от впадения р.Мокша до впадения р.Теша""","""Нижегородская область"""
"""Нижняя Тунгуска от истока до в/п п.Кислокан""","""Иркутская область"""
"""Исеть от впадения р.Теча до устья без р. Миасс""","""Курганская область"""
"""Мокша от в/п г. Темников до устья без р.Цна""","""Пензенская область"""
"""Мокша от в/п г. Темников до устья без р.Цна""","""Нижегородская область"""
"""Мокша от истока до в/п г.Темников""","""Республика Мордовия"""
"""Мокша от истока до в/п г.Темников""","""Пензенская область"""
"""Ока от в/п с. Копоново до впадения р.Мокша""","""Рязанская область"""
"""Ока от в/п с. Копоново до впадения р.Мокша""","""Московская область"""
"""Ока от в/п с. Копоново до впадения р.Мокша""","""Владимирская область"""
"""Ока от г. Рязань до в/п с. Копоново без р.Проня""","""Рязанская область"""
"""Проня от истока до устья""","""Тульская область"""
"""Москва от Рублевского г/у до в/п с. Заозерье без р.Пахра""","""Московская область"""
"""Пахра от истока до устья""","""Московская область"""
"""Москва от г. Звенигород до Рублевского г/у без р.Истра (от истока до Истринского г/у)""","""Московская область"""
"""Волга от Саратовского г/у до Волгоградского г/у (Волгоградское в-ще) без рр. Бол.Иргиз, Бол.Караман, Терешка, Еруслан, Торгун""","""Саратовская область"""
"""Ока от г. Калуга до г. Серпухов без рр.Протва и Нара""","""Тульская область"""
"""Клязьма от г. Орехово-Зуево до г. Владимир""","""Московская область"""
"""Кама от Воткинского г/у до Нижнекамского г/у без рр.Буй (от истока до Кармановского г/у), Иж, Ик и Белая""","""Удмуртская Республика"""
"""Водные объекты о-ва Сахалин без бассейна р. Сусуя""","""Сахалинская область"""
"""Острова Японского моря в пределах внутренних морских вод и территориального моря РФ, прилегающего к береговой линии гидрографической единицы 20.04.00 (вкл. о-в Русский и о-в Путятина)""","""Приморский край"""
"""Шешма от истока до устья""","""Самарская область"""
"""Реки бассейна Японского моря от северной границы бассейна р.Самарга до восточной границы бассейна р. Партизанская""","""Приморский край"""
"""Реки пролива Невельского и бассейна Японского моря от мыса Лазарева до северной границы бассейна р.Самарга""","""Хабаровский край"""
"""Амур от г. Хабаровск до г. Комсомольск-на-Амуре""","""Хабаровский край"""
"""Амур от г. Хабаровск до г. Комсомольск-на-Амуре""","""Еврейская автономная область"""
"""Амур от истока до впадения р. Зея""","""Амурская область"""
"""Ингода от г.Чита до устья""","""Забайкальский край"""
"""Ингода от истока до г. Чита""","""Забайкальский край"""
"""Москва от истока до Можайского г/у""","""Московская область"""
"""Реки бассейна Охотского моря от северо-восточной границы бассейна р. Иня до границы бассейна р. Уда""","""Хабаровский край"""
"""Бассейны рек Охотского моря от южной границы бассейна р. Тахтаяма до северо-восточной границы бассейна р. Иня""","""Магаданская область"""
"""Бассейны рек Охотского моря от западной границы бассейна р. Пенжина до южной границы бассейна р. Тахтаяма""","""Магаданская область"""
"""Бассейны рек Охотского моря от западной границы бассейна р. Пенжина до южной границы бассейна р. Тахтаяма""","""Камчатский край"""
"""Бассейны рек Тихого океана п-ова Камчатка южнее юго-восточной границы бассейна р. Камчатка""","""Камчатский край"""
"""Бассейны рек Берингова моря от северной границы бассейна р. Опука до южной границы бассейна р. Вывенка""","""Камчатский край"""
"""Бассейны рек Берингова моря от границы бассейна р. Анадырь до северной границы бассейна р.Опука""","""Чукотский автономный округ"""
"""Бассейны рек Берингова моря от мыса Дежнева до северо-восточной границы бассейна р. Анадырь""","""Чукотский автономный округ"""
"""Острова Восточно-Сибирского моря в пределах внутренних морских вод и территориального моря РФ, прилегающего к береговой линии гидрографической единицы 19.02.00 (вкл. о-в Айон)""","""Чукотский автономный округ"""
"""Бассейны рек Восточно-Сибирского моря от восточной границы бассейна р. Колыма до границы бассейна Чукотского моря""","""Чукотский автономный округ"""
"""Анюй, включая реки Большой и Малый Анюй""","""Чукотский автономный округ"""
"""Анюй, включая реки Большой и Малый Анюй""","""Республика Саха (Якутия)"""
"""Малый Узень""","""Саратовская область"""
"""Колыма от в/п г. Среднеколымск до впадения р.Омолон""","""Республика Саха (Якутия)"""
"""Колыма от в/п ГМС. Коркодон до в/п г. Среднеколымск""","""Республика Саха (Якутия)"""
"""Колыма от впадения р.Сеймчан до в/п ГМС Коркодон""","""Магаданская область"""
"""Лена от в/п с. Мача до устья р.Олекма""","""Республика Саха (Якутия)"""
"""Воронеж от истока до г.Липецк без р.Матыра""","""Тамбовская область"""
"""Реки бассейна Восточно-Сибирского моря (вкл. р. Алазея) от границы бассейна р. Индигирка на западе до границы бассейна р. Колыма на востоке""","""Республика Саха (Якутия)"""
"""Индигирка от в/п Белая Гора до устья""","""Республика Саха (Якутия)"""
"""Индигирка от впадения Неры до впадения Момы""","""Республика Саха (Якутия)"""
"""Реки бассейна моря Лаптевых от границы бассейна р. Лена на западе до границы бассейна р. Яна на востоке""","""Республика Саха (Якутия)"""
"""Вилюй от впадения р.Марха до устья без р. Тюнг""","""Республика Саха (Якутия)"""
"""Вилюй от Вилюйской ГЭС до впадения р.Марха""","""Республика Саха (Якутия)"""
"""Вилюй от в/п Усть-Амбардах до Вилюйской ГЭС""","""Республика Саха (Якутия)"""
"""Лена от впадения р.Алдан до впадения р.Вилюй""","""Республика Саха (Якутия)"""
"""Алдан от впадения р.Мая до впадения р.Амга""","""Республика Саха (Якутия)"""
"""Кама от в/п с. Бондюг до г. Березники""","""Пермский край"""
"""Чусовая от г.Ревда до в/п пгт. Кын""","""Пермский край"""
"""Алдан от в/п г. Томмот до впадения р.Учур""","""Республика Саха (Якутия)"""
"""Буй от истока до Кармановоского г/у""","""Республика Башкортостан"""
"""Лена от устья Олекмы до в/п п.Покровск""","""Республика Саха (Якутия)"""
"""Кама от Воткинского г/у до Нижнекамского г/у без рр.Буй (от истока до Кармановского г/у), Иж, Ик и Белая""","""Пермский край"""
"""Олекма от истока до в/п с. Усть-Нюкжа""","""Забайкальский край"""
"""Лена от впадения р.Витим до в/п с. Мача без р.Нюя""","""Республика Саха (Якутия)"""
"""Лена от впадения р.Витим до в/п с. Мача без р.Нюя""","""Иркутская область"""
"""Витим от г. Бодайбо до устья без р.Мамакан (от истока до Мамаканской ГЭС)""","""Республика Саха (Якутия)"""
"""Мамакан от истока до створа Мамаканской ГЭС""","""Иркутская область"""
"""Водные объекты южнее бассейна р. Бурла без бассейнов озер Кучукского и Кулундинского""","""Алтайский край"""
"""Витим от в/п с. Спицино до г. Бодайбо""","""Иркутская область"""
"""Бассейн оз. Чаны и водные объекты до границы с бассейном р. Иртыш""","""Новосибирская область"""
"""Витим от в/п с. Калакан до в/п с. Спицино""","""Республика Бурятия"""
"""Уфа от Нязепетровского г/у до Павловского г/у без р.Ай""","""Республика Башкортостан"""
"""Лена от г. Киренск до впадения р. Витим""","""Иркутская область"""
"""Лена от г.Усть-Кут до г.Киренск""","""Иркутская область"""
"""Вятка от г. Вятские Поляны до устья""","""Кировская область"""
"""Нижняя Таймыра (вкл. оз. Таймыр) и другие реки бассейна Карского от западной границы бассейна р. Каменная до мыса Прончищева""","""Красноярский край"""
"""Большой Черемшан от истока до устья""","""Самарская область"""
"""Пясина и другие реки бассейна Карского моря от восточной границы бассейна Енисейского залива до западной границы бассейна р. Каменная""","""Красноярский край"""
"""Енисей от впадения р. Подкаменная Тунгуска до впадения р. Нижняя Тунгуска""","""Красноярский край"""
"""Енисей от в/п с.Ярцево до впадения р.Подкаменная Тунгуска""","""Красноярский край"""
"""Енисей от впадения р.Ангара до в/п с.Ярцево""","""Красноярский край"""
"""Енисей от Красноярского г/у до впадения р.Ангара без р.Кан""","""Красноярский край"""
"""Водные объекты бассейна оз. Убсу-Нур на границе РФ с Монголией""","""Республика Тыва"""
"""Енисей от впадения р.Абакан до Красноярского г/у""","""Красноярский край"""
"""Лена от истока до г.Усть-Кут""","""Иркутская область"""
"""Витим от г. Бодайбо до устья без р.Мамакан (от истока до Мамаканской ГЭС)""","""Республика Бурятия"""
"""Бассейны рек средней части оз.Байкал от северо-западной границы бассейна р.Баргузин до северной границы бассейна р.Селенга""","""Республика Бурятия"""
"""Бассейны рек средней и северной части оз.Байкал от восточной границы бассейна р.Ангара до северо-западной границы бассейна р.Баргузин""","""Республика Бурятия"""
"""Селенга от границы РФ с Монголией до г. Улан-Удэ без рр.Джида, Чикой, Хилок, Уда""","""Республика Бурятия"""
"""Ангара от Братского г/у до Усть-Илимского г/у""","""Иркутская область"""
"""Ока от г. Коломна до г. Рязань""","""Рязанская область"""
"""Острова в пределах внутренних морских вод и территориального моря РФ, прилегающего к береговой линии гидрографической единицы 17.03.00 (вкл. о-ва архипелага Северная Земля)""","""Красноярский край"""
"""Ангара от впадения р. Белая до Братского г/у без рр. Белая, Ока, Ия""","""Иркутская область"""
"""Острова Карского моря в пределах внутренних морских вод и территориального моря РФ, прилегающего к береговой линии гидрографической единицы 15.01.00""","""Ямало-Ненецкий автономный округ"""
"""Бассейн оз. Выг-озеро до Выгозерского г/у без р. Сегежа до Сегозерского г/у""","""Республика Карелия"""
Иркут,"""Иркутская область"""
"""Селенга от г. Улан-Удэ до устья""","""Республика Бурятия"""
"""Иркутское в-ще (включая оз. Байкал и р. Ангара от истока до Иркутского г/у)""","""Иркутская область"""
"""Реки бассейна Карского моря от северо-восточной границы бассейна р. Таз до границы бассейна Енисейского залива""","""Ямало-Ненецкий автономный округ"""
Таз,"""Ямало-Ненецкий автономный округ"""
"""Витим от истока до в/п с.Калакан""","""Республика Бурятия"""
"""Алдан от впадения р.Учур до впадения р.Мая""","""Республика Саха (Якутия)"""
"""Яна от истока до впадения р.Адыча""","""Республика Саха (Якутия)"""
"""Колыма от в/п ГМС. Коркодон до в/п г. Среднеколымск""","""Магаданская область"""
"""Колыма от впадения р. Омолон до устья без р. Анюй""","""Республика Саха (Якутия)"""
"""Бассейны рек Берингова моря от южной границы бассейна р. Вывенка до северной границы бассейна р.Камчатка""","""Камчатский край"""
"""Москва от Рублевского г/у до в/п с. Заозерье без р.Пахра""",Москва
"""Москва от Можайского г/у до г. Звенигород без р.Руза (от истока до Рузского г/у) и р.Озерна (от истока до Озернинского г/у)""","""Московская область"""
"""Лена от впадения р.Вилюй до в/п ГМС Джарджан""","""Республика Саха (Якутия)"""
Конда,"""Ханты-Мансийский автономный округ - Югра"""
"""Рефт от истока до Рефтинского г/у""","""Свердловская область"""
"""Бассейн оз. Тополиное и р. Бурла""","""Новосибирская область"""
"""Чуна (Уда)""","""Красноярский край"""
"""Луга от истока до в/п Толмачево""","""Ленинградская область"""
"""Теша от истока до устья""","""Нижегородская область"""
"""Курейка от истока до Курейского г/у""","""Красноярский край"""
Васюган,"""Томская область"""
"""Сулак от Чиркейского г/у до устья""","""Республика Дагестан"""
"""Волга от Чебоксарского г/у до г. Казань без рр.Свияга и Цивиль""","""Республика Марий Эл"""
"""Бассейны рек Каспийского моря от границы бассейна р. Сулак до границы бассейна р. Самур""","""Республика Дагестан"""
"""Острова Каспийского моря в пределах внутренних морских вод и территориального моря РФ, прилегающего к береговой линии гидрографической единицы 07.03.00 (вкл. о-ва Чечень и Тюлений)""","""Астраханская область"""
"""Лаба от впадения р.Чамлык до устья""","""Республика Адыгея"""
"""Реки бассейна моря Лаптевых от границы бассейна р. Яна на западе до границы бассейна Восточно-Сибирского моря (мыс Святой Нос) на востоке""","""Республика Саха (Якутия)"""
"""Дельта р. Терек""","""Республика Дагестан"""
"""Красивая Меча""","""Орловская область"""
Онега,"""Вологодская область"""
"""Днепр от г. Дрогобуж до г. Смоленск""","""Смоленская область"""
"""Сегежа до Сегозерского г/у, вкл. оз. Сег-озеро""","""Республика Карелия"""
"""Великая от в/п д. Гуйтово до устья""","""Псковская область"""
"""Сакмара от впадения р. Большой Ик до устья""","""Республика Башкортостан"""
"""Аять от истока до Аятского г/у""","""Свердловская область"""
"""Енисей от Саяно-Шушенского г/у до впадения р.Абакан""","""Республика Хакасия"""
"""Енисей от впадения р.Абакан до Красноярского г/у""","""Республика Хакасия"""
Чумыш,"""Кемеровская область"""
Джида,"""Республика Бурятия"""
Учур,"""Хабаровский край"""
Сылва,"""Пермский край"""
Шуя,"""Республика Карелия"""
Ока,"""Иркутская область"""
Ай,"""Челябинская область"""
"""Клязьма от истока до Пироговского г/у""",Москва
"""Бассейны рек Охотского моря п-ова Камчатка от восточной границы бассейна р. Пенжина до южной границы бассейна р.Тигиль""","""Камчатский край"""
"""Урал от Верхнеуральского г/у до Магнитогорского г/у""","""Челябинская область"""
"""Мокша от в/п г. Темников до устья без р.Цна""","""Республика Мордовия"""
"""Кама от Нижнекамского г/у до устья без р.Вятка""","""Республика Башкортостан"""
"""Амур от впадения р. Бурея до г. Хабаровск без р. Уссури""","""Амурская область"""
Кура,"""Ставропольский край"""
"""Сура от устья р.Алатырь до устья""","""Чувашская Республика"""
Уруп,"""Краснодарский край"""
Уруп,"""Карачаево-Черкесская Республика"""
Волхов,"""Новгородская область"""
Межа,"""Тверская область"""
"""Уссури от истока до впадения р. Большая Уссурка без р. Сунгача""","""Приморский край"""
"""Исеть от г. Екатеринбург до впадения р.Теча""","""Челябинская область"""
Бия,"""Алтайский край"""
Чара,"""Иркутская область"""
Сосна,"""Курская область"""
Ипуть,"""Смоленская область"""
"""Озерна от истока до Озернинского г/у""","""Московская область"""
"""Печора от впадения р. Уса до в/п Усть-Цильма""","""Республика Коми"""
"""Сок от истока до устья""","""Самарская область"""
"""Луга от истока до в/п Толмачево""","""Новгородская область"""
Ардон,"""Республика Северная Осетия - Алания"""
"""Ока от г. Серпухов до г. Кашира""","""Тульская область"""
"""Реки бессточных областей левобережья Волги без бассейна оз.Эльтон""","""Астраханская область"""
"""Подкаменная Тунгуска от истока до впадения р. Чуня""","""Красноярский край"""
"""Сунгача, вкл. оз. Ханка""","""Приморский край"""
Ея,"""Ростовская область"""
"""Нара от истока до устья""",Москва
Ворона,"""Воронежская область"""
Нюя,"""Республика Саха (Якутия)"""
Надым,"""Ямало-Ненецкий автономный округ"""
"""Ангара от Богучанского г/у до устья без р.Тасеева""","""Красноярский край"""
Цивиль,"""Чувашская Республика"""
"""Лена от в/п ГМС Джарджан до в/п с. Кюсюр""","""Республика Саха (Якутия)"""
"""Подкаменная Тунгуска от впадения р.Чуня до устья""","""Красноярский край"""
"""Реки бассейна Карского моря от западной границы бассейна р. Бол. Ою до мыса Скуратова""","""Республика Коми"""
"""Маныч от истока до Пролетарского г/у без рр. Калаус и Егорлык""","""Республика Калмыкия"""
"""Куйбышевское в-ще от пгт. Камское устье до Куйбышевского г/у без р. Бол.Черемшан""","""Самарская область"""
Алатырь,"""Чувашская Республика"""
Катунь,"""Алтайский край"""
Калитва,"""Ростовская область"""
Сосна,"""Орловская область"""
Нарва,"""Ленинградская область"""
Чикой,"""Забайкальский край"""
"""Амур от впадения р. Зея до впадения р. Бурея без р. Бурея до Бурейского г/у""","""Амурская область"""
"""Волга от в/п Светлый Яр до в/п Верхнее Лебяжье""","""Волгоградская область"""
"""Дема от истока до в/п д. Бочкарева""","""Оренбургская область"""
Ея,"""Краснодарский край"""
Чепца,"""Пермский край"""
"""Сура от истока до Сурского г/у""","""Пензенская область"""
Пур,"""Ямало-Ненецкий автономный округ"""
"""Вятка от в/п пгт. Аркуль до г. Вятские Поляны""","""Республика Татарстан"""
Снов,"""Брянская область"""
Молога,"""Ленинградская область"""
Селемджа,"""Амурская область"""
Иркут,"""Республика Бурятия"""
"""Пахра от истока до устья""",Москва
"""Волжский участок Куйбышевского в-ща от г. Казань до пгт. Камское устье""","""Республика Татарстан"""
"""Урал от г. Орск до впадения р.Сакмара""","""Оренбургская область"""
Кан,"""Красноярский край"""
Шилка,"""Забайкальский край"""
Ик,"""Оренбургская область"""
"""Реки бассейна Таганрогского залива от бассейна р. Кальмиус до западной границы бассейна р.Дон""","""Ростовская область"""
"""Цна от г.Тамбов до устья""","""Пензенская область"""
Алатырь,"""Нижегородская область"""
"""Мокрая Буйвола""","""Ставропольский край"""
Неман,"""Калининградская область"""
"""Хатанга от истока до устья без р. Попигай""","""Красноярский край"""
"""Протва от истока до устья""","""Московская область"""
"""Вычегда от г.Сыктывкар до устья""","""Архангельская область"""
"""Волга от Чебоксарского г/у до г. Казань без рр.Свияга и Цивиль""","""Кировская область"""
"""Белая от г. Салават до г. Стерлитамак""","""Республика Башкортостан"""
"""Енисей от истока до Саяно-Шушенского г/у""","""Республика Тыва"""
"""Белая от г. Бирск до устья""","""Республика Татарстан"""
"""Вычегда от г.Сыктывкар до устья""","""Республика Коми"""
"""Сок от истока до устья""","""Оренбургская область"""
Иж,"""Республика Татарстан"""
"""Алдан от истока до в/п г. Томмот""","""Республика Саха (Якутия)"""
"""Бассейны рек Чукотского моря""","""Чукотский автономный округ"""
"""Ока от г. Коломна до г. Рязань""","""Московская область"""
"""Северский Донец от границы Луганской Народной Республики (ЛНР) с Ростовской областью до впадения р.Калитва""","""Ростовская область"""
"""Проня от истока до устья""","""Рязанская область"""
Нарва,"""Псковская область"""
Сясь,"""Ленинградская область"""
Бикин,"""Приморский край"""
Белая,"""Республика Бурятия"""
Ик,"""Республика Татарстан"""
Аргунь,"""Забайкальский край"""
Увелька,"""Челябинская область"""
"""Маныч от Пролетарского г/у до Веселовского г/у""","""Ростовская область"""
Чуня,"""Красноярский край"""
Пенжина,"""Камчатский край"""
Черек,"""Кабардино-Балкарская Республика"""
Теча,"""Челябинская область"""
"""Сухая Кума""","""Ставропольский край"""
"""Шексна от истока (вкл. оз. Белое) до Череповецкого г/у""","""Вологодская область"""
"""Водные объекты междуречья Терека и Сухой Кумы""","""Республика Дагестан"""
Шелонь,"""Псковская область"""
Катунь,"""Республика Алтай"""
"""Нерль от истока до устья""","""Владимирская область"""
Марха,"""Республика Саха (Якутия)"""
"""Амур от г. Комсомольск-на-Амуре до устья без р. Амгунь""","""Хабаровский край"""
"""Витим от в/п с. Спицино до г. Бодайбо""","""Забайкальский край"""
Хор,"""Хабаровский край"""
Алатырь,"""Республика Мордовия"""
Пинега,"""Архангельская область"""
"""Большой Енисей""","""Республика Тыва"""
Ворскла,"""Белгородская область"""
"""Угра от истока до устья""","""Калужская область"""
"""Зея от впадения р. Селемджа до устья""","""Амурская область"""
Поной,"""Мурманская область"""
Сосна,"""Липецкая область"""
"""Сура от Сурского г/у до устья р.Алатырь""","""Ульяновская область"""
"""Большая Уссурка""","""Приморский край"""
"""Олекма от истока до в/п с. Усть-Нюкжа""","""Амурская область"""
Чамлык,"""Краснодарский край"""
"""Тихая Сосна""","""Воронежская область"""
"""Томь от г. Кемерово до устья""","""Кемеровская область"""
"""Северский Донец от границы Луганской Народной Республики (ЛНР) с Ростовской областью до впадения р.Калитва""","""Ростовская область"""
"""Бассейн оз. Чудско-Псковское без р. Великая""","""Псковская область"""
"""Реки бассейна Таганрогского залива от бассейна р. Кальмиус до западной границы бассейна р.Дон""","""Ростовская область"""
"""Нара от истока до устья""","""Калужская область"""
"""Лена от в/п с. Кюсюр до устья""","""Республика Саха (Якутия)"""
Псел,"""Белгородская область"""
"""Кубань от г.Усть-Лабинск до Краснодарского г/у без рр. Белая и Пшиш""","""Краснодарский край"""
"""Водные объекты бассейна Крюковского в-ща""","""Краснодарский край"""
"""Сура от истока до Сурского г/у""","""Ульяновская область"""
Юг,"""Кировская область"""
"""Ока от впадения р.Мокша до впадения р.Теша""","""Владимирская область"""
"""Обь от впадения Иртыша до впадения р. Северная Сосьва""","""Ханты-Мансийский автономный округ - Югра"""
"""Ока от г. Кашира до г. Коломна без р.Москва""","""Московская область"""
"""Бассейн оз. Ладожское без рр. Волхов, Свирь и Сясь""","""Республика Карелия"""
"""Печора от впадения р. Уса до в/п Усть-Цильма""","""Ненецкий автономный округ"""
"""Нева от в/п Новосаратовка до устья""","""Ленинградская область"""
"""Волга от г.Кострома до Горьковского г/у (Горьковское в-ще) без р.Унжа""","""Костромская область"""
"""Кубань от Краснодарского г/у до впадения р. Афипс""","""Краснодарский край"""
"""Вычегда от истока до г.Сыктывкар""","""Республика Коми"""
"""(Малая) Северная Двина от начала реки до впадения р. Вычегда без рр. Юг и Сухона (от истока до Кубенского г/у)""","""Вологодская область"""
"""(Малая) Северная Двина от начала реки до впадения р. Вычегда без рр. Юг и Сухона (от истока до Кубенского г/у)""","""Архангельская область"""
"""Исеть от г. Екатеринбург до впадения р.Теча""","""Свердловская область"""
"""Нейва от истока до Невьянского г/у""","""Свердловская область"""
"""Уссури от впадения р. Большая Уссурка до устья без рр. Бикин и Хор""","""Хабаровский край"""
"""Амур от впадения р. Бурея до г. Хабаровск без р. Уссури""","""Хабаровский край"""
"""Амур от впадения р. Бурея до г. Хабаровск без р. Уссури""","""Еврейская автономная область"""
"""Чапаевка от истока до устья""","""Самарская область"""
"""Амур от истока до впадения р. Зея""","""Забайкальский край"""
Попигай,"""Красноярский край"""
"""Реки бассейна Енисейского залива без р. Енисей""","""Красноярский край"""
"""Енисей от в/п г.Игарка до устья без р. Хантайка от истока до Усть-Хантайского г/у""","""Красноярский край"""
"""Нижняя Тунгуска от в/п пгт.Тура до в/п п.Учами""","""Красноярский край"""
"""Енисей от Саяно-Шушенского г/у до впадения р.Абакан""","""Красноярский край"""
"""Сызранка от истока до г.Сызрань (выше города)""","""Самарская область"""
"""Днепр от истока до г. Дорогобуж""","""Смоленская область"""
"""Реки бассейна Онежской губы от южной границы бассейна р. Кемь до западной границы бассейна р. Унежма без р. Нижний Выг""","""Республика Карелия"""
"""Бурея от истока до Бурейского г/у""","""Амурская область"""
Сал,"""Республика Калмыкия"""
Савала,"""Воронежская область"""
"""Бол.Иргиз от Сулакского г/у до устья""","""Саратовская область"""
Иж,"""Удмуртская Республика"""
"""Баксан без р. Черек""","""Кабардино-Балкарская Республика"""
"""Сухая Кума""","""Республика Дагестан"""
Иня,"""Кемеровская область"""
"""Красивая Меча""","""Липецкая область"""
"""Ловать и Пола""","""Псковская область"""
"""Сунжа от впадения р. Аргун до устья""","""Чеченская Республика"""
"""Маныч от истока до Пролетарского г/у без рр. Калаус и Егорлык""","""Ростовская область"""
Кондома,"""Кемеровская область"""
"""Нара от истока до устья""","""Московская область"""
"""Ока от впадения р.Мокша до впадения р.Теша""","""Рязанская область"""
Белая,"""Иркутская область"""
"""Клязьма от истока до Пироговского г/у""","""Московская область"""
"""Красивая Меча""","""Тульская область"""
Шелонь,"""Новгородская область"""
"""Анадырь от истока до впадения р.Майн""","""Чукотский автономный округ"""
"""Большой Узень""","""Саратовская область"""
Таз,"""Красноярский край"""
"""Оленек от в/п ГМС Сухана до устья""","""Республика Саха (Якутия)"""
Болва,"""Брянская область"""
Бирюса,"""Красноярский край"""
"""Хантайка от истока до Усть-Хантайского г/у""","""Красноярский край"""
"""Большой Ик""","""Республика Башкортостан"""
"""Дема от истока до в/п д. Бочкарева""","""Республика Башкортостан"""
"""Мал.Иргиз от истока до устья""","""Саратовская область"""
"""Протва от истока до устья""","""Калужская область"""
Самур,"""Республика Дагестан"""
Уса,"""Республика Коми"""
Белая,"""Республика Адыгея"""
"""Миасс от Аргазинского г/у до г. Челябинск""","""Челябинская область"""
"""Кама от Камского г/у до Воткинского г/у""","""Пермский край"""
"""Ока от истока до г. Орел""","""Орловская область"""
Кеть,"""Томская область"""
Чара,"""Забайкальский край"""
"""Нижний Выг от Выгозерского г/у до устья""","""Республика Карелия"""
Иня,"""Новосибирская область"""
"""Сок от истока до устья""","""Республика Татарстан"""
"""Куйбышевское в-ще от пгт. Камское устье до Куйбышевского г/у без р. Бол.Черемшан""","""Республика Татарстан"""
"""Большой Черемшан от истока до устья""","""Ульяновская область"""
"""Мая от в/п с. Аим до устья""","""Республика Саха (Якутия)"""
Юг,"""Вологодская область"""
"""Зея от истока до Зейского г/у""","""Амурская область"""
"""Бессточные территории междуречья Терека, Дона и Волги""","""Республика Калмыкия"""
Бузулук,"""Волгоградская область"""
"""Цна от г.Тамбов до устья""","""Рязанская область"""
Ворона,"""Тамбовская область"""
Суда,"""Вологодская область"""
"""Печора от в/п Усть-Цильма до устья""","""Республика Коми"""
"""Ковда от Иовского г/у до устья""","""Мурманская область"""
"""Алдан от впадения р.Амга до устья""","""Республика Саха (Якутия)"""
Чумыш,"""Новосибирская область"""
Волхов,"""Ленинградская область"""
"""Вятка от истока до г.Киров без р.Чепца""","""Республика Коми"""
"""Нева от в/п Новосаратовка до устья""",Санкт-Петербург
"""Чулым от истока до г. Ачинск""","""Красноярский край"""
"""Москва от в/п Заозерье до г. Коломна""",Москва
Пшиш,"""Краснодарский край"""
Сал,"""Ростовская область"""
Битюг,"""Воронежская область"""
"""Вятка от истока до г.Киров без р.Чепца""","""Кировская область"""
"""Вятка от г.Киров до г.Котельнич""","""Кировская область"""
Ока,"""Республика Бурятия"""
"""Сура от Сурского г/у до устья р.Алатырь""","""Пензенская область"""
"""Кемь от истока до Юшкозерского г/у, вкл. оз. Верхнее, Среднее и Нижнее Куйто""","""Республика Карелия"""
"""Тобол от впадения р.Уй до г. Курган""","""Курганская область"""
Оша,"""Омская область"""
Онега,"""Архангельская область"""
Уса,"""Ненецкий автономный округ"""
"""Нива вкл. оз. Имандра""","""Мурманская область"""
Илек,"""Оренбургская область"""
Китой,"""Иркутская область"""
"""Угра от истока до устья""","""Смоленская область"""
"""Руза от истока до Рузского г/у""","""Московская область"""
Кирпили,"""Краснодарский край"""
"""Миасс от истока до Аргазинского г/у""","""Челябинская область"""
"""Колыма от истока до Колымской ГЭС""","""Магаданская область"""
Китой,"""Республика Бурятия"""
Омь,"""Новосибирская область"""
"""Бурея от истока до Бурейского г/у""","""Хабаровский край"""
Ай,"""Республика Башкортостан"""
Чара,"""Республика Саха (Якутия)"""
"""Малый Енисей""","""Республика Тыва"""
